<?xml version="1.0" encoding="UTF-8" standalone="yes"?>
<addon id="plugin.video.spi0n" name="Le Zap de Spi0n" version="1.0.1" provider-name="Matthias Klan">
  <requires>
    <import addon="xbmc.python" version="2.1.0"/>
  </requires>
  <extension point="xbmc.python.pluginsource" library="addon.py">
    <provides>video</provides>
  </extension>
  <extension point="xbmc.addon.metadata">
    <summary lang="en">Watch Le Zap de Spi0n on Kodi</summary>
    <description lang="en">This Addon allows you to watch Le Zap de Spi0n on your Kodi</description>
    <disclaimer lang="en"></disclaimer>
    <language></language>
    <platform>all</platform>
    <license>MIT</license>
    <forum></forum>
    <website>http://www.spi0n.com/zapping-web/</website>
    <email>matthias.klan@gmail.com</email>
    <source>https://github.com/matthiasklan/plugin.video.spi0n</source>
  </extension>
</addon>
